<?xml version="1.0" encoding="UTF-8"?>
<faces-config
    xmlns="http://xmlns.jcp.org/xml/ns/javaee"
    xmlns:xsi="http://www.w3.org/2001/XMLSchema-instance"
    xsi:schemaLocation="http://xmlns.jcp.org/xml/ns/javaee http://xmlns.jcp.org/xml/ns/javaee/web-facesconfig_2_2.xsd"
    version="2.2">
    
    <application>
		<resource-bundle>
			<base-name>messages</base-name>
			<var>msgs</var>
		</resource-bundle>
	</application>
    
    <managed-bean>
		<managed-bean-name>settings</managed-bean-name>
		<managed-bean-class>com.sdi.presentation.BeanSettings</managed-bean-class>
		<managed-bean-scope>session</managed-bean-scope>
	</managed-bean>
    <managed-bean>
 		<managed-bean-name>controller</managed-bean-name>
 		<managed-bean-class>com.sdi.presentation.BeanUsers</managed-bean-class>
 		<managed-bean-scope>session</managed-bean-scope>
	</managed-bean>
	<managed-bean>
		<managed-bean-name>user</managed-bean-name>
		<managed-bean-class>com.sdi.presentation.BeanUser</managed-bean-class>
		<managed-bean-scope>session</managed-bean-scope>
	</managed-bean>
	<managed-bean>
		<managed-bean-name>btasks</managed-bean-name>
		<managed-bean-class>com.sdi.presentation.BeanTasks</managed-bean-class>
		<managed-bean-scope>session</managed-bean-scope>
	</managed-bean>
	<managed-bean>
		<managed-bean-name>task</managed-bean-name>
		<managed-bean-class>com.sdi.presentation.BeanTask</managed-bean-class>
		<managed-bean-scope>session</managed-bean-scope>
	</managed-bean>
	
	<navigation-rule>
 		<from-view-id>*</from-view-id>
 		<navigation-case>
 			<from-outcome>error</from-outcome>
 			<to-view-id>/index.xhtml</to-view-id>
 		</navigation-case>
 	</navigation-rule>
 	<navigation-rule>
 		<from-view-id>/registroUsuario.xhtml</from-view-id>
 		<navigation-case>
 			<from-action>#{controller.atras}</from-action>
 			<from-outcome>true</from-outcome>
 			<to-view-id>/index.xhtml</to-view-id>
 		</navigation-case>
 		<navigation-case>
 			<from-action>#{controller.registrar}</from-action>
 			<from-outcome>true</from-outcome>
 			<to-view-id>/index.xhtml</to-view-id>
 		</navigation-case>
 		<navigation-case>
 			<from-action>#{controller.registrar}</from-action>
 			<from-outcome>false</from-outcome>
 			<to-view-id>/registroUsuario.xhtml</to-view-id>
 		</navigation-case>
 	</navigation-rule>
	<navigation-rule>
		<from-view-id>/index.xhtml</from-view-id>
		<navigation-case>
			<from-action>#{controller.validar}</from-action>
			<from-outcome>admin</from-outcome>
			<to-view-id>/restricted/listaUsuarios.xhtml</to-view-id>
		</navigation-case>
		<navigation-case>
			<from-action>#{controller.validar}</from-action>
			<from-outcome>user</from-outcome>
			<to-view-id>/usuarios/listaTareas.xhtml</to-view-id>
		</navigation-case>
		<navigation-case>
			<from-action>#{controller.registro}</from-action>
			<from-outcome>true</from-outcome>
			<to-view-id>/registroUsuario.xhtml</to-view-id>
		</navigation-case>
	</navigation-rule>
	<navigation-rule>
		<from-view-id>/restricted/listaUsuarios.xhtml</from-view-id>
 		<navigation-case>
			<from-action>#{controller.cambiarEstado(vuser)}</from-action>
			<from-outcome>exito</from-outcome>
			<to-view-id>/restricted/listaUsuarios.xhtml</to-view-id>
		</navigation-case>
		<navigation-case>
			<from-action>#{controller.eliminar(vuser)}</from-action>
			<from-outcome>exito</from-outcome>
			<to-view-id>/restricted/listaUsuarios.xhtml</to-view-id>
		</navigation-case>
		<navigation-case>
			<from-action>#{controller.reiniciarBD}</from-action>
			<from-outcome>exito</from-outcome>
			<to-view-id>/restricted/listaUsuarios.xhtml</to-view-id>
		</navigation-case>
		<navigation-case>
 			<from-action>#{controller.cerrarSesion}</from-action>
 			<from-outcome>true</from-outcome>
 			<to-view-id>/index.xhtml</to-view-id>
 		</navigation-case>
	</navigation-rule>
	<navigation-rule>
		<from-view-id>/usuarios/listaTareas.xhtml</from-view-id>
 		<navigation-case>
 			<from-action>#{btasks.editarTarea(vtask)}</from-action>
 			<from-outcome>exito</from-outcome>
 			<to-view-id>/usuarios/formTarea.xhtml</to-view-id>
 		</navigation-case>
 		<navigation-case>
 			<from-action>#{controller.cerrarSesion}</from-action>
 			<from-outcome>true</from-outcome>
 			<to-view-id>/index.xhtml</to-view-id>
 		</navigation-case>
	</navigation-rule>
	<navigation-rule>
		<from-view-id>/usuarios/formTarea.xhtml</from-view-id>
		<navigation-case>
 			<from-action>#{btasks.modificarTarea}</from-action>
 			<from-outcome>exito</from-outcome>
 			<to-view-id>/usuarios/listaTareas.xhtml</to-view-id>
 		</navigation-case>
 		<navigation-case>
 			<from-action>#{controller.cerrarSesion}</from-action>
 			<from-outcome>true</from-outcome>
 			<to-view-id>/index.xhtml</to-view-id>
 		</navigation-case>
	</navigation-rule>

</faces-config>
